{"loss": [3.835904359817505, 3.550398588180542, 3.287433385848999, 3.057093381881714, 2.916050910949707, 2.738454580307007, 2.62861704826355, 2.510864019393921, 2.4094631671905518, 2.383289098739624, 2.242039680480957, 2.212076425552368, 2.2086591720581055, 2.099669933319092, 2.0208353996276855, 2.017646312713623, 1.9398497343063354, 1.9196019172668457, 1.8897438049316406, 1.8179535865783691, 1.7862941026687622, 1.7357063293457031, 1.7139047384262085, 1.6510930061340332, 1.6341772079467773, 1.593124508857727, 1.5695292949676514, 1.5743194818496704, 1.4889593124389648, 1.494417428970337, 1.4939711093902588, 1.4438799619674683, 1.4286446571350098, 1.3961306810379028, 1.3894860744476318, 1.3309195041656494, 1.3012473583221436, 1.315106987953186, 1.2782269716262817, 1.2422502040863037, 1.228136420249939, 1.2250680923461914, 1.2103261947631836, 1.200960397720337, 1.175601840019226, 1.1372162103652954, 1.1222238540649414, 1.0997217893600464, 1.0876824855804443, 1.0606622695922852, 1.0543662309646606, 1.0284249782562256, 1.0577892065048218, 0.9935693144798279, 1.011896014213562, 0.9944377541542053, 0.9815638661384583, 0.959919273853302, 0.935032844543457, 0.9195969104766846, 0.9162026643753052, 0.9056544303894043, 0.9059293270111084, 0.9057093858718872, 0.9002229571342468, 0.8648620247840881, 0.8826935291290283, 0.8772832751274109, 0.860914945602417, 0.85197514295578, 0.846214234828949, 0.8709679841995239, 0.8281760811805725, 0.8393951058387756, 0.8249995708465576, 0.8423030972480774, 0.8215272426605225, 0.8307176232337952, 0.8240982890129089, 0.8401569724082947, 0.8073461055755615, 0.8088284730911255, 0.8048710823059082, 0.7928237318992615, 0.7951094508171082, 0.806011438369751], "accuracy": [0.10027472674846649, 0.14010989665985107, 0.19368131458759308, 0.24175824224948883, 0.28914836049079895, 0.3282966911792755, 0.38049450516700745, 0.4017857015132904, 0.43200549483299255, 0.4581044018268585, 0.5034340620040894, 0.5178571343421936, 0.5206043720245361, 0.5700549483299255, 0.5741758346557617, 0.5789835453033447, 0.6277472376823425, 0.6243131756782532, 0.6339285969734192, 0.6593406796455383, 0.6717032790184021, 0.6820054650306702, 0.7012362480163574, 0.719093382358551, 0.7280219793319702, 0.7348901033401489, 0.7486263513565063, 0.7438187003135681, 0.7726648449897766, 0.7609890103340149, 0.7706043720245361, 0.7987637519836426, 0.7994505763053894, 0.8125, 0.7987637519836426, 0.8296703100204468, 0.8454670310020447, 0.8317307829856873, 0.8454670310020447, 0.8571428656578064, 0.8626373410224915, 0.8646978139877319, 0.8626373410224915, 0.8633241653442383, 0.8688187003135681, 0.8846153616905212, 0.8969780206680298, 0.9038461446762085, 0.9004120826721191, 0.9072802066802979, 0.9079670310020447, 0.9223901033401489, 0.9107142686843872, 0.9265109896659851, 0.9168956279754639, 0.9265109896659851, 0.9299450516700745, 0.9409340620040894, 0.9443681240081787, 0.9443681240081787, 0.9429945349693298, 0.9443681240081787, 0.9395604133605957, 0.9478021860122681, 0.9395604133605957, 0.9574176073074341, 0.9512362480163574, 0.9574176073074341, 0.9594780206680298, 0.9532967209815979, 0.9615384340286255, 0.9464285969734192, 0.9622252583503723, 0.9560439586639404, 0.9642857313156128, 0.958791196346283, 0.963598906993866, 0.9601648449897766, 0.9546703100204468, 0.9553571343421936, 0.9677197933197021, 0.963598906993866, 0.9677197933197021, 0.968406617641449, 0.9704670310020447, 0.9670329689979553], "val_loss": [3.2127811908721924, 3.1448140144348145, 3.0577962398529053, 2.9321653842926025, 2.8345677852630615, 2.724608898162842, 2.630398988723755, 2.5692789554595947, 2.4976041316986084, 2.440419912338257, 2.369460344314575, 2.2625536918640137, 2.193837881088257, 2.149901866912842, 2.1050240993499756, 2.0599164962768555, 1.973917007446289, 1.9195120334625244, 1.8785161972045898, 1.855412244796753, 1.8092671632766724, 1.7450839281082153, 1.6942514181137085, 1.653497338294983, 1.6147180795669556, 1.597493290901184, 1.5621472597122192, 1.5106250047683716, 1.4687614440917969, 1.4614254236221313, 1.4299360513687134, 1.4110652208328247, 1.385055661201477, 1.3421423435211182, 1.3202357292175293, 1.304906964302063, 1.2840484380722046, 1.2408654689788818, 1.2082761526107788, 1.1899605989456177, 1.1764498949050903, 1.169414758682251, 1.1558878421783447, 1.1623812913894653, 1.1402008533477783, 1.1185951232910156, 1.093879222869873, 1.075905442237854, 1.080282211303711, 1.0703792572021484, 1.0482529401779175, 1.0493258237838745, 1.040169358253479, 1.0227617025375366, 1.013799786567688, 1.0121396780014038, 1.0095218420028687, 0.9867902398109436, 0.9812192916870117, 0.9754071235656738, 0.9657467603683472, 0.9616639614105225, 0.9625194668769836, 0.9635162949562073, 0.9626937508583069, 0.9683915972709656, 0.960932731628418, 0.9641498923301697, 0.9565367102622986, 0.9655845761299133, 0.9444711804389954, 0.9347797632217407, 0.9303333759307861, 0.9289029240608215, 0.9279430508613586, 0.9173775911331177, 0.9176551103591919, 0.9198523759841919, 0.9243485331535339, 0.9274922609329224, 0.9260926842689514, 0.9294472932815552, 0.9275048971176147, 0.9244049191474915, 0.9222334027290344, 0.9207515716552734], "val_accuracy": [0.18131868541240692, 0.20604395866394043, 0.25, 0.2967033088207245, 0.34065935015678406, 0.38736262917518616, 0.4258241653442383, 0.42307692766189575, 0.4532966911792755, 0.4670329689979553, 0.4862637221813202, 0.5384615659713745, 0.5467032790184021, 0.5686812996864319, 0.5741758346557617, 0.593406617641449, 0.6373626589775085, 0.6538461446762085, 0.6620879173278809, 0.6730769276618958, 0.6840659379959106, 0.692307710647583, 0.7005494236946106, 0.7197802066802979, 0.75, 0.75, 0.7692307829856873, 0.7719780206680298, 0.791208803653717, 0.7994505763053894, 0.807692289352417, 0.8214285969734192, 0.8159340620040894, 0.8324176073074341, 0.8461538553237915, 0.8461538553237915, 0.848901093006134, 0.848901093006134, 0.848901093006134, 0.8543956279754639, 0.8571428656578064, 0.8598901033401489, 0.8681318759918213, 0.8708791136741638, 0.8708791136741638, 0.8736263513565063, 0.8708791136741638, 0.8736263513565063, 0.8736263513565063, 0.8763736486434937, 0.8791208863258362, 0.8791208863258362, 0.8818681240081787, 0.8818681240081787, 0.8928571343421936, 0.8901098966598511, 0.8956043720245361, 0.901098906993866, 0.8956043720245361, 0.8956043720245361, 0.9038461446762085, 0.901098906993866, 0.901098906993866, 0.9038461446762085, 0.906593382358551, 0.906593382358551, 0.901098906993866, 0.901098906993866, 0.9120879173278809, 0.906593382358551, 0.9093406796455383, 0.9093406796455383, 0.9120879173278809, 0.9175823926925659, 0.9120879173278809, 0.9120879173278809, 0.9203296899795532, 0.9093406796455383, 0.9038461446762085, 0.9093406796455383, 0.906593382358551, 0.906593382358551, 0.906593382358551, 0.906593382358551, 0.906593382358551, 0.906593382358551],